,Unnamed: 0,file,date,latitude,longitude,ocean,profiler_type,institution,parameters,parameter_data_mode,date_update,PRES,PRES_STD,DEPTH,DEPTH_STD,SIGMA0,SIGMA0_STD,TEMP,TEMP_STD,PSAL,PSAL_STD,DOXY,DOXY_STD,PRES_ERROR,PRES_ERROR_STD,PRES_COMMENT,PRES_MODE,TEMP_ERROR,TEMP_ERROR_STD,TEMP_COMMENT,TEMP_MODE,PSAL_ERROR,PSAL_ERROR_STD,PSAL_COMMENT,PSAL_MODE,DOXY_ERROR,DOXY_ERROR_STD,DOXY_COMMENT,DOXY_MODE,date_format
0,0,aoml/4903365/profiles/SD4903365_001.nc,20210813140632,59.916,-39.421,A,869,AO,PRES TEMP PSAL DOXY CHLA BBP700 CDOM PH_IN_SITU_TOTAL NITRATE,AAADAARDD,20240104175721,980.0050099690756,24.08275359964672,968.484845818457,23.74114472162344,1027.752460423231,0.0007747025047237,3.389691690603892,0.0039143859463833,34.86824989318848,0.0007533642986237,293.40892028808594,0.1657153251642052,,,Pressure adjusted at real time based on most recent valid surface pressure,A,,,,A,,,,A,7.59215247631073,0.0007227666598622,"Polynomial calibration coeficients were used. G determined by surface measurement comparison to World Ocean Atlas 2009.See Takeshita et al.2013,doi:10.1002/jgrc.20399",D,2021-08-13 14:06:32
1,1,aoml/4903365/profiles/SD4903365_002.nc,20210823120555,59.774,-39.151,A,869,AO,PRES TEMP PSAL DOXY CHLA BBP700 CDOM PH_IN_SITU_TOTAL NITRATE,AAADAARDD,20240104175733,979.9599863688152,24.11946205030545,968.45148655063,23.777570292186635,1027.7496543365526,0.0005982256756522,3.39609169960022,0.0060824189422732,34.865501403808594,0.0005219460967299,292.8825517134233,0.1821862114573437,,,Pressure adjusted at real time based on most recent valid surface pressure,A,,,,A,,,,A,7.591116905212402,0.0011673570443149,"Polynomial calibration coeficients were used. G determined by surface measurement comparison to World Ocean Atlas 2009.See Takeshita et al.2013,doi:10.1002/jgrc.20399",D,2021-08-23 12:05:55
2,2,aoml/4903365/profiles/SD4903365_003.nc,20210902104031,59.327,-40.424,A,869,AO,PRES TEMP PSAL DOXY CHLA BBP700 CDOM PH_IN_SITU_TOTAL NITRATE,AAADAARDD,20240104175746,980.2349751790364,23.9073725760488,968.7575807390302,23.56935363987513,1027.7516180111088,0.0005521000709268,3.371324996153513,0.0038534690672852,34.8650016784668,0.0,293.4738797274503,0.1587985252095417,,,Pressure adjusted at real time based on most recent valid surface pressure,A,,,,A,,,,A,7.595655571330678,0.000731095529032,"Polynomial calibration coeficients were used. G determined by surface measurement comparison to World Ocean Atlas 2009.See Takeshita et al.2013,doi:10.1002/jgrc.20399",D,2021-09-02 10:40:31
3,3,aoml/4903365/profiles/SD4903365_004.nc,20210912085807,59.058,-40.28,A,869,AO,PRES TEMP PSAL DOXY CHLA BBP700 CDOM PH_IN_SITU_TOTAL NITRATE,AAADAARDD,20240104175758,979.9983317057292,23.8282624716614,968.5454338799636,23.491918214538074,1027.7491667417162,0.0008039528346742,3.414958337942759,0.0064027735769614,34.867167154947914,0.0003890356509596,291.925087668679,0.2642154223616698,,,Pressure adjusted at real time based on most recent valid surface pressure,A,,,,A,,,,A,7.587633393027565,0.0012160570300765,"Polynomial calibration coeficients were used. G determined by surface measurement comparison to World Ocean Atlas 2009.See Takeshita et al.2013,doi:10.1002/jgrc.20399",D,2021-09-12 08:58:07
4,4,aoml/4903365/profiles/SD4903365_005.nc,20210922075338,58.984,-40.738,A,869,AO,PRES TEMP PSAL DOXY CHLA BBP700 CDOM PH_IN_SITU_TOTAL NITRATE,AAADAARDD,20240104175810,980.6116383870444,24.02735025300702,969.1559821487014,23.68824027477521,1027.7519471885237,0.0007669543473076,3.4053916533788047,0.0071325552650401,34.86949920654297,0.0005219460967299,291.878168741862,0.2033879717072199,,,Pressure adjusted at real time based on most recent valid surface pressure,A,,,,A,,,,A,7.58927047252655,0.0013043239564005,"Polynomial calibration coeficients were used. G determined by surface measurement comparison to World Ocean Atlas 2009.See Takeshita et al.2013,doi:10.1002/jgrc.20399",D,2021-09-22 07:53:38
5,5,aoml/4903365/profiles/SD4903365_006.nc,20211002062837,59.474,-40.564,A,869,AO,PRES TEMP PSAL DOXY CHLA BBP700 CDOM PH_IN_SITU_TOTAL NITRATE,AAADAARDD,20240104175822,980.1316477457682,24.02842579132169,968.6441640800218,23.68840380181015,1027.7543049607882,0.0009101662923999,3.391883353392283,0.0043488440065979,34.87083212534586,0.0009377237468785,291.9483448375355,0.158621411819598,,,Pressure adjusted at real time based on most recent valid surface pressure,A,,,,A,,,,A,7.591594132510099,0.0008417574309253,"Polynomial calibration coeficients were used. G determined by surface measurement comparison to World Ocean Atlas 2009.See Takeshita et al.2013,doi:10.1002/jgrc.20399",D,2021-10-02 06:28:37
6,6,aoml/4903365/profiles/SD4903365_007.nc,20211012053050,59.478,-40.328,A,869,AO,PRES TEMP PSAL DOXY CHLA BBP700 CDOM PH_IN_SITU_TOTAL NITRATE,AAADAARDD,20240104175835,979.9750162760416,23.956845282762952,968.4894242690324,23.61786336985921,1027.7521076180838,0.0006741748087633,3.418283323446909,0.0056595840714955,34.871249516805015,0.0006229144482937,291.0651938698509,0.2096717466747402,,,Pressure adjusted at real time based on most recent valid surface pressure,A,,,,A,,,,A,7.586858315901323,0.001080339327205,"Polynomial calibration coeficients were used. G determined by surface measurement comparison to World Ocean Atlas 2009.See Takeshita et al.2013,doi:10.1002/jgrc.20399",D,2021-10-12 05:30:50
7,7,aoml/4903365/profiles/SD4903365_022.nc,20220311075408,59.598,-38.765,A,869,AO,PRES TEMP PSAL DOXY CHLA BBP700 CDOM PH_IN_SITU_TOTAL NITRATE,AAADAARDD,20240104180144,980.078163840554,25.068893930396488,968.581636366958,24.713859940639846,1027.753528037398,0.0008264580008445,3.4021636572751133,0.012196715564026,34.87109166925604,0.0015145994655517,289.3875793457031,0.3136676892958937,,,Pressure adjusted at real time based on most recent valid surface pressure,A,,,,A,,,,A,7.589504051208496,0.0022604870411739,"Polynomial calibration coeficients were used. G determined by surface measurement comparison to World Ocean Atlas 2009.See Takeshita et al.2013,doi:10.1002/jgrc.20399",D,2022-03-11 07:54:08
8,8,coriolis/6902802/profiles/SD6902802_097.nc,20210221061030,59.543,-39.359,A,841,IF,PRES TEMP PSAL DOXY,DDDD,20230320160930,1011.7910833075496,29.332825920977783,999.8508031838372,28.91680502879868,1027.7617710817465,0.000500526656751,3.2949488281023385,0.0127085200064461,34.868300768793844,0.0016451083868532,294.0763400330836,0.4285275182654685,2.400000095367432,0.0,No adjustement was necessary -Calibration error is manufacturer specified accuracy,D,0.0020000000949949,0.0,No adjustement was necessary -Calibration error is manufacturer specified accuracy,D,0.0099999997764825,0.0,"Salinity drift or offset detected - OWC fit is adopted. Error = 0.01 provided by the PI. OWC Method, ,",D,8.822290245367556,0.012855810061997,Pressure effect correction on DOXYAdjustment done on PPOX_DOXY;Temporal drift estimated from NCEP data - Gain based on comparison between Argo cycle 1 and reference profile ov18_d_81/,D,2021-02-21 06:10:30
9,9,coriolis/6902802/profiles/SD6902802_098.nc,20210303061730,59.647,-38.719,A,841,IF,PRES TEMP PSAL DOXY,DDDD,20230320160942,1012.299994506836,28.99915100238637,1000.3441542613444,28.587561602801667,1027.7611739104022,0.0006814155558622,3.31403781414032,0.0094958807540768,34.86983997344971,0.0012489961940291,293.5359210205078,0.2658566217957891,2.400000095367432,0.0,No adjustement was necessary -Calibration error is manufacturer specified accuracy,D,0.0020000000949949,0.0,No adjustement was necessary -Calibration error is manufacturer specified accuracy,D,0.0099999997764825,0.0,"Salinity drift or offset detected - OWC fit is adopted. Error = 0.01 provided by the PI. OWC Method, ,",D,8.806077556610107,0.007975704286853,Pressure effect correction on DOXYAdjustment done on PPOX_DOXY;Temporal drift estimated from NCEP data - Gain based on comparison between Argo cycle 1 and reference profile ov18_d_81/,D,2021-03-03 06:17:30
10,10,coriolis/6902802/profiles/SD6902802_102.nc,20210412060930,60.231,-39.286,A,841,IF,PRES TEMP PSAL DOXY,DDDD,20230320161030,1011.2735224705116,29.56162341247768,999.2853741984102,29.14080788713165,1027.7664025770748,0.0010214012387852,3.3685330339506563,0.0141209071951659,34.88288696139467,0.0022992415916183,291.1550777659697,0.4002462710780258,2.400000095367432,0.0,No adjustement was necessary -Calibration error is manufacturer specified accuracy,D,0.0020000000949949,0.0,No adjustement was necessary -Calibration error is manufacturer specified accuracy,D,0.0099999997764825,0.0,"Salinity drift or offset detected - OWC fit is adopted. Error = 0.01 provided by the PI. OWC Method, ,",D,8.734652369630103,0.0120074174174694,Pressure effect correction on DOXYAdjustment done on PPOX_DOXY;Temporal drift estimated from NCEP data - Gain based on comparison between Argo cycle 1 and reference profile ov18_d_81/,D,2021-04-12 06:09:30
11,11,coriolis/6902802/profiles/SD6902802_103.nc,20210422061630,59.725,-39.771,A,841,IF,PRES TEMP PSAL DOXY,DDDD,20230320161042,1011.8128631893952,29.29269702332785,999.8575735760028,28.87681337742803,1027.76641290247,0.0007645497980155,3.3340208860907223,0.0099946640571387,34.878787692230524,0.0014256263923125,292.3740899658203,0.2622130756981176,2.400000095367432,0.0,No adjustement was necessary -Calibration error is manufacturer specified accuracy,D,0.0020000000949949,0.0,No adjustement was necessary -Calibration error is manufacturer specified accuracy,D,0.0099999997764825,0.0,"Salinity drift or offset detected - OWC fit is adopted. Error = 0.01 provided by the PI. OWC Method, ,",D,8.771222610473632,0.0078663661058824,Pressure effect correction on DOXYAdjustment done on PPOX_DOXY;Temporal drift estimated from NCEP data - Gain based on comparison between Argo cycle 1 and reference profile ov18_d_81/,D,2021-04-22 06:16:30
12,12,coriolis/6902802/profiles/SD6902802_104.nc,20210502061830,59.704,-40.596,A,841,IF,PRES TEMP PSAL DOXY,DDDD,20230320161053,1011.3029402190564,29.605625904698293,999.3565582189846,29.18541737262332,1027.7691273903445,0.0009104275732517,3.3421686373504937,0.0075423324372111,34.88316663106283,0.001251435104105,291.565964642693,0.2268069594622602,2.400000095367432,0.0,No adjustement was necessary -Calibration error is manufacturer specified accuracy,D,0.0020000000949949,0.0,No adjustement was necessary -Calibration error is manufacturer specified accuracy,D,0.0099999997764825,0.0,"Salinity drift or offset detected - OWC fit is adopted. Error = 0.01 provided by the PI. OWC Method, ,",D,8.746978946760589,0.0068042328627288,Pressure effect correction on DOXYAdjustment done on PPOX_DOXY;Temporal drift estimated from NCEP data - Gain based on comparison between Argo cycle 1 and reference profile ov18_d_81/,D,2021-05-02 06:18:30
13,13,coriolis/6902802/profiles/SD6902802_105.nc,20210512061330,59.501,-40.324,A,841,IF,PRES TEMP PSAL DOXY,DDDD,20230320161104,1011.2931303136488,29.5812305654432,999.3632604236822,29.16184952219044,1027.7669892728554,0.0007052083142814,3.365103988086476,0.0058070228303219,34.88322497349159,0.0005967983412667,291.40296427408856,0.16096959901186,2.400000095367432,0.0,No adjustement was necessary -Calibration error is manufacturer specified accuracy,D,0.0020000000949949,0.0,No adjustement was necessary -Calibration error is manufacturer specified accuracy,D,0.0099999997764825,0.0,"Salinity drift or offset detected - OWC fit is adopted. Error = 0.01 provided by the PI. OWC Method, ,",D,8.742088878855986,0.0048290451615635,Pressure effect correction on DOXYAdjustment done on PPOX_DOXY;Temporal drift estimated from NCEP data - Gain based on comparison between Argo cycle 1 and reference profile ov18_d_81/,D,2021-05-12 06:13:30
14,14,coriolis/6902802/profiles/SD6902802_106.nc,20210522061830,59.271,-40.393,A,841,IF,PRES TEMP PSAL DOXY,DDDD,20230320161117,1011.7900988890392,29.292594126194224,999.8718015412468,28.877769333869608,1027.7665159908097,0.0005974776122296,3.408177189307638,0.0127520692063396,34.887792606164915,0.0013600226211083,290.12636413574216,0.3520722019363941,2.400000095367432,0.0,No adjustement was necessary -Calibration error is manufacturer specified accuracy,D,0.0020000000949949,0.0,No adjustement was necessary -Calibration error is manufacturer specified accuracy,D,0.0099999997764825,0.0,"Salinity drift or offset detected - OWC fit is adopted. Error = 0.01 provided by the PI. OWC Method, ,",D,8.703790893554688,0.0105621649272233,Pressure effect correction on DOXYAdjustment done on PPOX_DOXY;Temporal drift estimated from NCEP data - Gain based on comparison between Argo cycle 1 and reference profile ov18_d_81/,D,2021-05-22 06:18:30
15,15,coriolis/6902802/profiles/SD6902802_107.nc,20210601061630,59.333,-40.239,A,841,IF,PRES TEMP PSAL DOXY,DDDD,20230320161130,1012.2319940185548,29.09934765811153,1000.302414105936,28.68708532339605,1027.7689155430128,0.0005421743711559,3.366422410011292,0.0144493567101524,34.88579307556152,0.0016320610273673,291.11988159179685,0.3844556099476152,2.400000095367432,0.0,No adjustement was necessary -Calibration error is manufacturer specified accuracy,D,0.0020000000949949,0.0,No adjustement was necessary -Calibration error is manufacturer specified accuracy,D,0.0099999997764825,0.0,"Salinity drift or offset detected - OWC fit is adopted. Error = 0.01 provided by the PI. OWC Method, ,",D,8.73359634399414,0.011533640293743,Pressure effect correction on DOXYAdjustment done on PPOX_DOXY;Temporal drift estimated from NCEP data - Gain based on comparison between Argo cycle 1 and reference profile ov18_d_81/,D,2021-06-01 06:16:30
16,16,coriolis/6902802/profiles/SD6902802_108.nc,20210611061430,59.561,-40.02,A,841,IF,PRES TEMP PSAL DOXY,DDDD,20230320161142,1011.74554201636,29.271734603767456,999.804465254296,28.856533930792185,1027.7673397820458,0.0009098286281387,3.3859667707197736,0.0059031535618388,34.886155458960204,0.0008386051734861,290.8109014892578,0.1345444371326314,2.400000095367432,0.0,No adjustement was necessary -Calibration error is manufacturer specified accuracy,D,0.0020000000949949,0.0,No adjustement was necessary -Calibration error is manufacturer specified accuracy,D,0.0099999997764825,0.0,"Salinity drift or offset detected - OWC fit is adopted. Error = 0.01 provided by the PI. OWC Method, ,",D,8.72432710647583,0.0040363146099874,Pressure effect correction on DOXYAdjustment done on PPOX_DOXY;Temporal drift estimated from NCEP data - Gain based on comparison between Argo cycle 1 and reference profile ov18_d_81/,D,2021-06-11 06:14:30
17,17,coriolis/6902802/profiles/SD6902802_109.nc,20210621061630,59.565,-41.237,A,841,IF,PRES TEMP PSAL DOXY,DDDD,20230320161154,1012.2879974365236,29.029099497375213,1000.3388887067302,28.61726621734376,1027.770320012228,0.0013059884064969,3.3369010424613954,0.0162102964601896,34.88402778625488,0.0029545936670972,291.83695434570313,0.6371465417718759,2.400000095367432,0.0,No adjustement was necessary -Calibration error is manufacturer specified accuracy,D,0.0020000000949949,0.0,No adjustement was necessary -Calibration error is manufacturer specified accuracy,D,0.0099999997764825,0.0,"Salinity drift or offset detected - OWC fit is adopted. Error = 0.01 provided by the PI. OWC Method, ,",D,8.755108642578126,0.0191143846720433,Pressure effect correction on DOXYAdjustment done on PPOX_DOXY;Temporal drift estimated from NCEP data - Gain based on comparison between Argo cycle 1 and reference profile ov18_d_81/,D,2021-06-21 06:16:30
18,18,coriolis/6902818/profiles/SD6902818_085.nc,20201022105430,60.517,-39.82,A,838,IF,PRES TEMP PSAL DOXY,DDDD,20230320183740,1010.289991760254,29.27044292022097,998.2932362749184,28.853260356350592,1027.7528777742905,0.0013032246098494,3.5803102135658262,0.0209174669761958,34.89159517288208,0.0014649806273273,290.3471481323242,0.635639504920145,2.4209542274475098,0.0121960536220885,This float is autocorrecting pressure. Data is good within the specified error.none,D,0.0020000000949949,0.0,Data is good within the specified error.none,D,0.0040000001899898,0.0,"New conductivity computed by using a different CPcor value from that provided by Sea-Bird.Salinity drift or offset detected - OWC fit is adopted. Error = maximum [statistical uncertainty, 0.004]. OWC Method, 3.00,",D,8.710414457321168,0.0190691439867472,Pressure effect correction on DOXYAdjustment done on PPOX_DOXY;Temporal drift estimated from WOA climatology at surface - Gain based on comparison between Argo cycle 1 and reference profile ov18_d_77/,D,2020-10-22 10:54:30
19,19,coriolis/6902818/profiles/SD6902818_086.nc,20201101123230,60.148,-39.148,A,838,IF,PRES TEMP PSAL DOXY,DDDD,20230320183753,1011.5292656130908,29.961411888860265,999.54407463976,29.5350756427315,1027.7485688844024,0.0011504041669134,3.551089635709437,0.0269246038818048,34.88259906303592,0.0031927159927926,292.36230904715404,0.8691822584384792,2.4214705839389707,0.0124839198159103,This float is autocorrecting pressure. Data is good within the specified error.none,D,0.0020000000949949,0.0,Data is good within the specified error.none,D,0.0040000001899898,0.0,"New conductivity computed by using a different CPcor value from that provided by Sea-Bird.Salinity drift or offset detected - OWC fit is adopted. Error = maximum [statistical uncertainty, 0.004]. OWC Method, 3.00,",D,8.770869255065918,0.0260754286016927,Pressure effect correction on DOXYAdjustment done on PPOX_DOXY;Temporal drift estimated from WOA climatology at surface - Gain based on comparison between Argo cycle 1 and reference profile ov18_d_77/,D,2020-11-01 12:32:30
20,20,coriolis/6902818/profiles/SD6902818_087.nc,20201111110530,60.088,-39.719,A,838,IF,PRES TEMP PSAL DOXY,DDDD,20230320183806,1010.164991760254,29.173536256927896,998.2041275750744,28.75874666531653,1027.7533452504454,0.0004181107994564,3.401752632856369,0.0105824566840814,34.8705057144165,0.0012144050219859,296.30113525390624,0.2781780464730256,2.4209020853042604,0.0121556694877324,This float is autocorrecting pressure. Data is good within the specified error.none,D,0.0020000000949949,0.0,Data is good within the specified error.none,D,0.0040000001899898,0.0,"New conductivity computed by using a different CPcor value from that provided by Sea-Bird.Salinity drift or offset detected - OWC fit is adopted. Error = maximum [statistical uncertainty, 0.004]. OWC Method, 3.00,",D,8.889033985137939,0.0083454156057126,Pressure effect correction on DOXYAdjustment done on PPOX_DOXY;Temporal drift estimated from WOA climatology at surface - Gain based on comparison between Argo cycle 1 and reference profile ov18_d_77/,D,2020-11-11 11:05:30
21,21,coriolis/6902818/profiles/SD6902818_088.nc,20201121133830,60.323,-38.855,A,838,IF,PRES TEMP PSAL DOXY,DDDD,20230320183818,1010.3099899291992,29.169182288974625,998.3283611706378,28.753879435968937,1027.7534212517687,0.0006292286954525,3.4754159808158875,0.0204030391881303,34.87947807312012,0.0024182528157714,293.51977386474607,0.6114445544258018,2.420962560176849,0.0121538218299412,This float is autocorrecting pressure. Data is good within the specified error.none,D,0.0020000000949949,0.0,Data is good within the specified error.none,D,0.0040000001899898,0.0,"New conductivity computed by using a different CPcor value from that provided by Sea-Bird.Salinity drift or offset detected - OWC fit is adopted. Error = maximum [statistical uncertainty, 0.004]. OWC Method, 3.00,",D,8.805593109130859,0.0183433470854612,Pressure effect correction on DOXYAdjustment done on PPOX_DOXY;Temporal drift estimated from WOA climatology at surface - Gain based on comparison between Argo cycle 1 and reference profile ov18_d_77/,D,2020-11-21 13:38:30
22,22,coriolis/6902818/profiles/SD6902818_089.nc,20201201130730,60.35,-39.085,A,838,IF,PRES TEMP PSAL DOXY,DDDD,20230320183830,1011.5195118973896,29.94613188659096,999.5184054891564,29.51953404528087,1027.752990490886,0.0014065917990256,3.42151915154806,0.0170462154025989,34.87241530999905,0.0032910589663979,295.3853047688802,0.8446557511618112,2.421466490117515,0.0124775878540693,This float is autocorrecting pressure. Data is good within the specified error.none,D,0.0020000000949949,0.0,Data is good within the specified error.none,D,0.0040000001899898,0.0,"New conductivity computed by using a different CPcor value from that provided by Sea-Bird.Salinity drift or offset detected - OWC fit is adopted. Error = maximum [statistical uncertainty, 0.004]. OWC Method, 3.00,",D,8.861559141249884,0.0253396399451094,Pressure effect correction on DOXYAdjustment done on PPOX_DOXY;Temporal drift estimated from WOA climatology at surface - Gain based on comparison between Argo cycle 1 and reference profile ov18_d_77/,D,2020-12-01 13:07:30
23,23,coriolis/6902818/profiles/SD6902818_102.nc,20210410125030,60.447,-39.433,A,838,IF,PRES TEMP PSAL DOXY,DDDD,20230320184118,1012.8357122512092,30.72759659675753,1000.8079952361936,30.28945565157618,,,3.396487894512358,0.0055207004000118,,,,,2.4220149176461354,0.0128031590453224,This float is autocorrecting pressure. Data is good within the specified error.none,D,0.0020000000949949,0.0,Data is good within the specified error.none,D,,,"New conductivity computed by using a different CPcor value from that provided by Sea-Bird.Bad data; not adjustable. OWC Method, 3.00,",D,,,Pressure effect correction on DOXYAdjustment done on PPOX_DOXY;Temporal drift estimated from WOA climatology at surface - Gain based on comparison between Argo cycle 1 and reference profile ov18_d_77/,D,2021-04-10 12:50:30
24,24,coriolis/6902818/profiles/SD6902818_103.nc,20210420120730,60.275,-39.5,A,838,IF,PRES TEMP PSAL DOXY,DDDD,20230320184130,1011.5999889838986,29.93781202234165,999.6036863614864,29.511488754859887,,,3.428330287700746,0.0082750504417508,,,,,2.4215000315410333,0.0124741073086309,This float is autocorrecting pressure. Data is good within the specified error.none,D,0.0020000000949949,0.0,Data is good within the specified error.none,D,,,"New conductivity computed by using a different CPcor value from that provided by Sea-Bird.Bad data; not adjustable. OWC Method, 3.00,",D,,,Pressure effect correction on DOXYAdjustment done on PPOX_DOXY;Temporal drift estimated from WOA climatology at surface - Gain based on comparison between Argo cycle 1 and reference profile ov18_d_77/,D,2021-04-20 12:07:30
25,25,coriolis/6902818/profiles/SD6902818_104.nc,20210430134930,60.46,-39.244,A,838,IF,PRES TEMP PSAL DOXY,DDDD,20230320184144,1010.3749954223632,29.32466036069667,998.3815789599444,28.906831596109125,,,3.37726069688797,0.0152902170753011,,,,,2.420989620685577,0.0122186309947527,This float is autocorrecting pressure. Data is good within the specified error.none,D,0.0020000000949949,0.0,Data is good within the specified error.none,D,,,"New conductivity computed by using a different CPcor value from that provided by Sea-Bird.Bad data; not adjustable. OWC Method, 3.00,",D,,,Pressure effect correction on DOXYAdjustment done on PPOX_DOXY;Temporal drift estimated from WOA climatology at surface - Gain based on comparison between Argo cycle 1 and reference profile ov18_d_77/,D,2021-04-30 13:49:30
26,26,coriolis/6902818/profiles/SD6902818_105.nc,20210510105630,60.292,-39.516,A,838,IF,PRES TEMP PSAL DOXY,DDDD,20230320184156,1012.740462530227,30.474223743839133,1000.726525806443,30.04007282549306,,,3.431455725715274,0.0133957435465455,,,,,2.4219752152760825,0.0126976271489866,This float is autocorrecting pressure. Data is good within the specified error.none,D,0.0020000000949949,0.0,Data is good within the specified error.none,D,,,"New conductivity computed by using a different CPcor value from that provided by Sea-Bird.Bad data; not adjustable. OWC Method, 3.00,",D,,,Pressure effect correction on DOXYAdjustment done on PPOX_DOXY;Temporal drift estimated from WOA climatology at surface - Gain based on comparison between Argo cycle 1 and reference profile ov18_d_77/,D,2021-05-10 10:56:30
27,27,coriolis/6902818/profiles/SD6902818_106.nc,20210520063130,59.517,-41.64,A,838,IF,PRES TEMP PSAL DOXY,DDDD,20230320184209,1011.5292685904154,29.99381683083208,999.5947165407478,29.56852568423207,,,3.515971585017879,0.0136712927651039,,,,,2.421470560678621,0.0124974356918755,This float is autocorrecting pressure. Data is good within the specified error.none,D,0.0020000000949949,0.0,Data is good within the specified error.none,D,,,"New conductivity computed by using a different CPcor value from that provided by Sea-Bird.Bad data; not adjustable. OWC Method, 3.00,",D,,,Pressure effect correction on DOXYAdjustment done on PPOX_DOXY;Temporal drift estimated from WOA climatology at surface - Gain based on comparison between Argo cycle 1 and reference profile ov18_d_77/,D,2021-05-20 06:31:30
28,28,coriolis/6902881/profiles/SD6902881_088.nc,20201125123630,60.119,-39.044,A,838,IF,PRES TEMP PSAL DOXY,DDDD,20230320195142,1016.8599975585937,4.084496474530078,1004.8032107478823,4.026272297858414,1027.7561173317292,0.00017604134904724496,3.5353692054748533,0.0038061521398506867,34.890087890625,0.0005325937644884575,,,2.423691654205322,0.0017019393130208792,This float is autocorrecting pressure. Data is good within the specified error.none,D,0.0020000000949949026,0.0,Data is good within the specified error.none,D,0.004000000189989805,0.0,"New conductivity computed by using a different CPcor value from that provided by Sea-Bird.An offset was detected by comparing float data with the reference CTD cast made at float launch. This offset of -0.0019 PSU was added . Error = maximum [statistical uncertainty, 0.004]. OWC Method, 3.00,",D,,,Pressure effect correction on DOXYAdjustment done on PPOX_DOXY;Temporal drift estimated from WOA climatology at surface - Gain based on comparison between Argo cycle 2 and reference profile ov18_d_105/,D,2020-11-25 12:36:30
29,29,coriolis/6902881/profiles/SD6902881_090.nc,20201215122130,60.037,-39.5,A,838,IF,PRES TEMP PSAL DOXY,DDDD,20230320195207,1010.2449935913086,29.160464731886176,998.2870674923348,28.745965130154666,1027.7541300677833,0.0009753280204159,3.402797657251358,0.0029066259030378,34.871613311767575,0.0010289491282843,,,2.420935451984405,0.0121501952832055,This float is autocorrecting pressure. Data is good within the specified error.none,D,0.0020000000949949,0.0,Data is good within the specified error.none,D,0.0040000001899898,0.0,"New conductivity computed by using a different CPcor value from that provided by Sea-Bird.An offset was detected by comparing float data with the reference CTD cast made at float launch. This offset of -0.0019 PSU was added . Error = maximum [statistical uncertainty, 0.004]. OWC Method, 3.00,",D,,,Pressure effect correction on DOXYAdjustment done on PPOX_DOXY;Temporal drift estimated from WOA climatology at surface - Gain based on comparison between Argo cycle 2 and reference profile ov18_d_105/,D,2020-12-15 12:21:30
30,31,coriolis/6902881/profiles/SD6902881_095.nc,20210203095730,60.41,-39.021,A,838,IF,PRES TEMP PSAL DOXY,DDDD,20230320195308,1011.5438932093178,30.03748031862406,999.53767133452,29.60944773318665,1027.757321788879,0.001285375274017,3.473228373178621,0.0088749667454993,34.88408902796304,0.0014897244525786,,,2.4214766665202814,0.0125156367594324,This float is autocorrecting pressure. Data is good within the specified error.none,D,0.0020000000949949,0.0,Data is good within the specified error.none,D,0.0040000001899898,0.0,"New conductivity computed by using a different CPcor value from that provided by Sea-Bird.An offset was detected by comparing float data with the reference CTD cast made at float launch. This offset of -0.0019 PSU was added . Error = maximum [statistical uncertainty, 0.004]. OWC Method, 3.00,",D,,,Pressure effect correction on DOXYAdjustment done on PPOX_DOXY;Temporal drift estimated from WOA climatology at surface - Gain based on comparison between Argo cycle 2 and reference profile ov18_d_105/,D,2021-02-03 09:57:30
31,32,coriolis/6902881/profiles/SD6902881_096.nc,20210213120630,60.203,-39.15,A,838,IF,PRES TEMP PSAL DOXY,DDDD,20230320195321,1011.5487789991424,29.929423599557207,999.5589451801666,29.5034062335766,1027.7562121187068,0.001464593624395,3.4830813756803187,0.0105170414879161,34.883896153147624,0.00205949184956,,,2.421478695985748,0.0124705989993539,This float is autocorrecting pressure. Data is good within the specified error.none,D,0.0020000000949949,0.0,Data is good within the specified error.none,D,0.0040000001899898,0.0,"New conductivity computed by using a different CPcor value from that provided by Sea-Bird.An offset was detected by comparing float data with the reference CTD cast made at float launch. This offset of -0.0019 PSU was added . Error = maximum [statistical uncertainty, 0.004]. OWC Method, 3.00,",D,,,Pressure effect correction on DOXYAdjustment done on PPOX_DOXY;Temporal drift estimated from WOA climatology at surface - Gain based on comparison between Argo cycle 2 and reference profile ov18_d_105/,D,2021-02-13 12:06:30
32,33,coriolis/6902881/profiles/SD6902881_097.nc,20210223115630,59.92,-39.877,A,838,IF,PRES TEMP PSAL DOXY,DDDD,20230320195333,1012.654754638672,30.61974474222782,1000.6717115329238,30.18444604510777,1027.7549302465943,0.0007748100526688,3.42365837097168,0.0052710327993183,34.87510354178293,0.0005832819172765,,,2.4219395319620767,0.012758232315532,This float is autocorrecting pressure. Data is good within the specified error.none,D,0.0020000000949949,0.0,Data is good within the specified error.none,D,0.0040000001899898,0.0,"New conductivity computed by using a different CPcor value from that provided by Sea-Bird.An offset was detected by comparing float data with the reference CTD cast made at float launch. This offset of -0.0019 PSU was added . Error = maximum [statistical uncertainty, 0.004]. OWC Method, 3.00,",D,,,Pressure effect correction on DOXYAdjustment done on PPOX_DOXY;Temporal drift estimated from WOA climatology at surface - Gain based on comparison between Argo cycle 2 and reference profile ov18_d_105/,D,2021-02-23 11:56:30
33,34,coriolis/6902881/profiles/SD6902881_098.nc,20210305104730,59.635,-40.603,A,838,IF,PRES TEMP PSAL DOXY,DDDD,20230320195346,1010.2549911499024,29.11056407028366,998.329086262441,28.697685582177392,1027.7571199746626,0.0008806010066877,3.518161404132843,0.0134920979004525,34.88932647705078,0.0010299305125507,,,2.420939588546753,0.0121294184007794,This float is autocorrecting pressure. Data is good within the specified error.none,D,0.0020000000949949,0.0,Data is good within the specified error.none,D,0.0040000001899898,0.0,"New conductivity computed by using a different CPcor value from that provided by Sea-Bird.An offset was detected by comparing float data with the reference CTD cast made at float launch. This offset of -0.0019 PSU was added . Error = maximum [statistical uncertainty, 0.004]. OWC Method, 3.00,",D,,,Pressure effect correction on DOXYAdjustment done on PPOX_DOXY;Temporal drift estimated from WOA climatology at surface - Gain based on comparison between Argo cycle 2 and reference profile ov18_d_105/,D,2021-03-05 10:47:30
34,35,coriolis/6902882/profiles/SD6902882_083.nc,20201006144230,59.472,-39.74,A,838,IF,PRES TEMP PSAL DOXY,DDDD,20230320202045,1010.3099899291992,29.08205260226328,998.396486651721,28.669941234361577,1027.7524723123524,0.0004440827250096,3.3352904677391053,0.0168622328839098,34.861479949951175,0.001904961329314,296.4142272949219,0.4641347859717707,2.4209625244140627,0.0121175205955494,This float is autocorrecting pressure. Data is good within the specified error.none,D,0.0020000000949949,0.0,Data is good within the specified error.none,D,0.0040000001899898,0.0,"New conductivity computed by using a different CPcor value from that provided by Sea-Bird.No adjustement was necessary. Error = maximum [statistical uncertainty, 0.004]. OWC Method, 3.00,",D,8.892426824569702,0.0139241105632162,Adjustment done on PPOX_DOXY;Temporal drift estimated from NCEP data - Gain based on comparison between Argo cycle 3 and reference profile ov18_d_105/,D,2020-10-06 14:42:30
35,36,coriolis/6902882/profiles/SD6902882_084.nc,20201016152130,59.216,-39.675,A,838,IF,PRES TEMP PSAL DOXY,DDDD,20230320202059,1011.6268236113758,29.97307917473578,999.7152818603756,29.54877277427285,1027.756168982225,0.0012800087805388,3.386657226376417,0.0272489598962888,34.87224188083556,0.003819504520995,293.69275047665553,0.998794865934506,2.421511208138815,0.0124888110204776,This float is autocorrecting pressure. Data is good within the specified error.none,D,0.0020000000949949,0.0,Data is good within the specified error.none,D,0.0040000001899898,0.0,"New conductivity computed by using a different CPcor value from that provided by Sea-Bird.No adjustement was necessary. Error = maximum [statistical uncertainty, 0.004]. OWC Method, 3.00,",D,8.810782614208403,0.0299638358451119,Adjustment done on PPOX_DOXY;Temporal drift estimated from NCEP data - Gain based on comparison between Argo cycle 3 and reference profile ov18_d_105/,D,2020-10-16 15:21:30
36,37,coriolis/6903040/profiles/SD6903040_003.nc,20210712161800,59.679,-39.179,A,838,IF,PRES TEMP PSAL DOXY,DDDA,20231011061138,1012.2166617257254,30.503540281836667,1000.259242264852,30.070544857933893,1027.7556481106187,0.0009613540541497,3.4238712106432234,0.0122251263816936,34.87603805178688,0.0011051859974293,285.3149791899182,0.4047743023825008,2.4217569941566106,0.0127097967585938,This float is autocorrecting but The CTD profile and the associated SP are staggered by one cycle in DM because the SP measurement is taken just prior to descentnone,D,0.0020000000949949,0.0,Data is good within the specified error.none,D,0.0040000001899898,0.0,"New conductivity computed by using a different CPcor value from that provided by Sea-Bird.No adjustement was necessary. Error = maximum [statistical uncertainty, 0.004]. OWC Method, 3.00,",D,13.842804500034877,0.0383069731009365,"DOXY_ADJUSTED is computed from an adjustment of in water PSAT or PPOX float data at surface by comparison to woaPSAT climatology or woaPPOX{woaPSAT,floatTEMP,floatPSAL} at 1 atm, DOXY_ADJUSTED_ERROR is computed from a PPOX_ERROR of 10 mbar +1mb/year",A,2021-07-12 16:18:00
37,38,coriolis/6903040/profiles/SD6903040_004.nc,20210722160400,59.643,-40.363,A,838,IF,PRES TEMP PSAL DOXY,DDDA,20231011061151,1012.364282517206,30.61871320122052,1000.40762202449,30.18412769777381,1027.754611911162,0.0008106269094982,3.446110628900074,0.0231013260514562,34.87742287772043,0.0023019783819406,284.3762715657552,0.6488903473947983,2.421818506150019,0.0127577991314668,This float is autocorrecting but The CTD profile and the associated SP are staggered by one cycle in DM because the SP measurement is taken just prior to descentnone,D,0.0020000000949949,0.0,Data is good within the specified error.none,D,0.0040000001899898,0.0,"New conductivity computed by using a different CPcor value from that provided by Sea-Bird.No adjustement was necessary. Error = maximum [statistical uncertainty, 0.004]. OWC Method, 3.00,",D,13.873008183070592,0.0344711577842742,"DOXY_ADJUSTED is computed from an adjustment of in water PSAT or PPOX float data at surface by comparison to woaPSAT climatology or woaPPOX{woaPSAT,floatTEMP,floatPSAL} at 1 atm, DOXY_ADJUSTED_ERROR is computed from a PPOX_ERROR of 10 mbar +1mb/year",A,2021-07-22 16:04:00
38,39,coriolis/6903041/profiles/SD6903041_001.nc,20210623075700,59.753,-40.969,A,838,IF,PRES TEMP PSAL DOXY,DDDA,20231011062627,1012.3690374465216,30.627584541911222,1000.403438383372,30.19261680655978,1027.7571023066898,0.0018956786312892,3.574973850023179,0.0256466514856734,34.896233967372346,0.0013152173524478,282.8120683942522,0.7104873588841438,2.421820492971511,0.0127614935369409,This float is autocorrecting but The CTD profile and the associated SP are staggered by one cycle in DM because the SP measurement is taken just prior to descentnone,D,0.0020000000949949,0.0,Data is good within the specified error.none,D,0.006000000052154,0.0,"New conductivity computed by using a different CPcor value from that provided by Sea-Bird.No adjustement was necessary. Error = maximum [statistical uncertainty, 0.006]. OWC Method, 3.00,",D,13.716874531337194,0.0330037219882446,"DOXY_ADJUSTED is computed from an adjustment of in water PSAT or PPOX float data at surface by comparison to woaPSAT climatology or woaPPOX{woaPSAT,floatTEMP,floatPSAL} at 1 atm, DOXY_ADJUSTED_ERROR is computed from a PPOX_ERROR of 10 mbar +1mb/year",A,2021-06-23 07:57:00
39,40,coriolis/6903041/profiles/SD6903041_001D.nc,20210622094200,59.757,-40.9,A,838,IF,PRES TEMP PSAL DOXY,DDDA,20231011062615,1012.1404753185454,30.647335148298087,1000.1778219810408,30.212113488300343,1027.7552011097027,0.0018743639256099,3.609427151225862,0.0169126893715585,34.898085548764186,0.0007650356151427,284.36570812406995,0.6604431504894184,2.421725239072527,0.0127697103332312,This float is autocorrecting pressure. Data is good within the specified error.none,D,0.0020000000949949,0.0,Data is good within the specified error.none,D,0.006000000052154,0.0,"New conductivity computed by using a different CPcor value from that provided by Sea-Bird.No adjustement was necessary. Error = maximum [statistical uncertainty, 0.006]. OWC Method, 3.00,",D,13.702633903140114,0.0359984496905817,"DOXY_ADJUSTED is computed from an adjustment of in water PSAT or PPOX float data at surface by comparison to woaPSAT climatology or woaPPOX{woaPSAT,floatTEMP,floatPSAL} at 1 atm, DOXY_ADJUSTED_ERROR is computed from a PPOX_ERROR of 10 mbar +1mb/year",A,2021-06-22 09:42:00
40,41,coriolis/6903041/profiles/SD6903041_002.nc,20210703092300,59.289,-41.628,A,838,IF,PRES TEMP PSAL DOXY,DDDA,20231011062639,1012.2547534760974,30.44125282526412,1000.3283257233458,30.01006665755784,1027.7562948297652,0.0010481803062308,3.4424030440194264,0.0137079441501204,34.87908899216425,0.0008079750161164,287.3505452473958,0.297282082935037,2.421772843315488,0.0126838362158868,This float is autocorrecting but The CTD profile and the associated SP are staggered by one cycle in DM because the SP measurement is taken just prior to descentnone,D,0.0020000000949949,0.0,Data is good within the specified error.none,D,0.006000000052154,0.0,"New conductivity computed by using a different CPcor value from that provided by Sea-Bird.No adjustement was necessary. Error = maximum [statistical uncertainty, 0.006]. OWC Method, 3.00,",D,13.798716590518044,0.0369021687650442,"DOXY_ADJUSTED is computed from an adjustment of in water PSAT or PPOX float data at surface by comparison to woaPSAT climatology or woaPPOX{woaPSAT,floatTEMP,floatPSAL} at 1 atm, DOXY_ADJUSTED_ERROR is computed from a PPOX_ERROR of 10 mbar +1mb/year",A,2021-07-03 09:23:00
41,42,coriolis/6903042/profiles/SD6903042_001.nc,20210623075800,59.748,-40.971,A,838,IF,PRES TEMP PSAL DOXY,DDDA,20231011064201,1012.3976280575708,30.635862202893403,1000.4320516799022,30.2007614708239,1027.7556702114994,0.0016906842571354,3.5822482960564748,0.0202649216701782,34.89532779511951,0.0009900383868932,279.68519083658856,0.4197418179867505,2.4218323684874035,0.0127649551985368,This float is autocorrecting but The CTD profile and the associated SP are staggered by one cycle in DM because the SP measurement is taken just prior to descentnone,D,0.0020000000949949,0.0,Data is good within the specified error.none,D,0.006542035655695,4.411416945950344e-06,"New conductivity computed by using a different CPcor value from that provided by Sea-Bird.No adjustement was necessary. Error = maximum [statistical uncertainty, 0.004]. OWC Method, 3.00,",D,13.714632261367072,0.0347992448157305,"DOXY_ADJUSTED is computed from an adjustment of in water PSAT or PPOX float data at surface by comparison to woaPSAT climatology or woaPPOX{woaPSAT,floatTEMP,floatPSAL} at 1 atm, DOXY_ADJUSTED_ERROR is computed from a PPOX_ERROR of 10 mbar +1mb/year",A,2021-06-23 07:58:00
42,43,coriolis/6903042/profiles/SD6903042_001D.nc,20210622093600,59.756,-40.905,A,838,IF,PRES TEMP PSAL DOXY,DDDA,20231011064148,1012.2642865862164,30.65757236081471,1000.299960066691,30.22217515267897,1027.7541674996155,0.0018337966839742,3.605670440764654,0.0189518160972029,34.8963247026716,0.0009578989276425,284.28160603841144,0.5762922732859492,2.421776805605208,0.0127739918270039,This float is autocorrecting pressure. Data is good within the specified error.none,D,0.0020000000949949,0.0,Data is good within the specified error.none,D,0.0065440159357552,3.795134965987818e-06,"New conductivity computed by using a different CPcor value from that provided by Sea-Bird.No adjustement was necessary. Error = maximum [statistical uncertainty, 0.004]. OWC Method, 3.00,",D,13.703815641857329,0.0354558150009672,"DOXY_ADJUSTED is computed from an adjustment of in water PSAT or PPOX float data at surface by comparison to woaPSAT climatology or woaPPOX{woaPSAT,floatTEMP,floatPSAL} at 1 atm, DOXY_ADJUSTED_ERROR is computed from a PPOX_ERROR of 10 mbar +1mb/year",A,2021-06-22 09:36:00
43,44,coriolis/6903042/profiles/SD6903042_002.nc,20210703082500,59.403,-41.589,A,838,IF,PRES TEMP PSAL DOXY,DDDA,20231011064213,1012.4071408226376,30.60493770071684,1000.4692387977262,30.17112778074558,1027.7568861304292,0.0019513908918745,3.53978138878232,0.0134129835846846,34.891652334304084,0.0011840751994305,279.6105230422247,0.267237692343861,2.4218363421303883,0.012752097916822,This float is autocorrecting but The CTD profile and the associated SP are staggered by one cycle in DM because the SP measurement is taken just prior to descentnone,D,0.0020000000949949,0.0,Data is good within the specified error.none,D,0.0060124963610654,2.633172180090556e-06,"New conductivity computed by using a different CPcor value from that provided by Sea-Bird.No adjustement was necessary. Error = maximum [statistical uncertainty, 0.004]. OWC Method, 3.00,",D,13.766088621956962,0.0375273022497335,"DOXY_ADJUSTED is computed from an adjustment of in water PSAT or PPOX float data at surface by comparison to woaPSAT climatology or woaPPOX{woaPSAT,floatTEMP,floatPSAL} at 1 atm, DOXY_ADJUSTED_ERROR is computed from a PPOX_ERROR of 10 mbar +1mb/year",A,2021-07-03 08:25:00
44,45,coriolis/6903083/profiles/SD6903083_018.nc,20211208180500,59.283,-38.962,A,838,IF,PRES TEMP PSAL DOXY,DDDA,20231010111821,1012.4499904087612,30.613136784909944,1000.521212832466,30.17949532468768,,,3.3837125641959056,0.0105389300841988,,,287.53472319103423,0.3072757513357009,2.4218542121705555,0.0127554762445277,This float is autocorrecting but The CTD profile and the associated SP are staggered by one cycle in DM because the SP measurement is taken just prior to descentnone,D,0.0020000000949949,0.0,Data is good within the specified error.none,D,,,"New conductivity computed by using a different CPcor value from that provided by Sea-Bird.No adjustement was necessary. Error = maximum [statistical uncertainty, 0.004]. OWC Method, 3.00,",D,14.476218995593843,0.0397759995071887,"DOXY_ADJUSTED is computed from an adjustment of in water PSAT or PPOX float data at surface by comparison to woaPSAT climatology or woaPPOX{woaPSAT,floatTEMP,floatPSAL} at 1 atm, DOXY_ADJUSTED_ERROR is computed from a PPOX_ERROR of 10 mbar +1mb/year",A,2021-12-08 18:05:00
45,46,coriolis/6903083/profiles/SD6903083_019.nc,20211218155800,59.316,-40.455,A,838,IF,PRES TEMP PSAL DOXY,DDDA,20231010111834,1012.3690345400856,30.65213147721269,1000.4387095552285,30.21787086493944,,,3.4189861558732533,0.0087245883963736,,,286.04113333565846,0.25119934608232,2.4218204816182456,0.012771702530092,This float is autocorrecting but The CTD profile and the associated SP are staggered by one cycle in DM because the SP measurement is taken just prior to descentnone,D,0.0020000000949949,0.0,Data is good within the specified error.none,D,,,"New conductivity computed by using a different CPcor value from that provided by Sea-Bird.No adjustement was necessary. Error = maximum [statistical uncertainty, 0.004]. OWC Method, 3.00,",D,14.50817548661005,0.0406729090332603,"DOXY_ADJUSTED is computed from an adjustment of in water PSAT or PPOX float data at surface by comparison to woaPSAT climatology or woaPPOX{woaPSAT,floatTEMP,floatPSAL} at 1 atm, DOXY_ADJUSTED_ERROR is computed from a PPOX_ERROR of 10 mbar +1mb/year",A,2021-12-18 15:58:00
46,47,coriolis/6903873/profiles/SD6903873_003.nc,20210712163000,59.7,-39.113,A,838,IF,PRES TEMP PSAL DOXY,DDDA,20231011083258,1012.3690519787016,30.65712848735201,1000.4077021109237,30.221870757512704,1027.7537898964918,0.0006293136327556,3.3993177641005743,0.0159316238042722,34.870756058465865,0.0017771172001481,291.01864478701634,0.4851003123633722,2.4218204816182456,0.0127738326931318,This float is autocorrecting but The CTD profile and the associated SP are staggered by one cycle in DM because the SP measurement is taken just prior to descentnone,D,0.0020000000949949,0.0,Data is good within the specified error.none,D,0.0040000001899898,0.0,"New conductivity computed by using a different CPcor value from that provided by Sea-Bird.An offset was detected by comparing float data with the reference CTD cast made at float launch. This offset of 0.009 PSU was added . Error = maximum [statistical uncertainty, 0.004]. OWC Method, 3.00,",D,11.51212655930292,0.0305071359494021,"DOXY_ADJUSTED is computed from an adjustment of in water PSAT or PPOX float data at surface by comparison to woaPSAT climatology or woaPPOX{woaPSAT,floatTEMP,floatPSAL} at 1 atm, DOXY_ADJUSTED_ERROR is computed from a PPOX_ERROR of 10 mbar +1mb/year",A,2021-07-12 16:30:00
47,48,coriolis/6903873/profiles/SD6903873_004.nc,20210722145200,59.55,-40.267,A,838,IF,PRES TEMP PSAL DOXY,DDDA,20231011083311,1012.3547552199592,30.661762647285755,1000.40576316411,30.22680345407045,1027.7534778774143,0.0013817181886373,3.527250193414234,0.0136770698495475,34.88584482102167,0.0005613003273903,285.88600376674106,0.3329284631563037,2.421814521153768,0.0127757331563001,This float is autocorrecting but The CTD profile and the associated SP are staggered by one cycle in DM because the SP measurement is taken just prior to descentnone,D,0.0020000000949949,0.0,Data is good within the specified error.none,D,0.0040000001899898,0.0,"New conductivity computed by using a different CPcor value from that provided by Sea-Bird.An offset was detected by comparing float data with the reference CTD cast made at float launch. This offset of 0.009 PSU was added . Error = maximum [statistical uncertainty, 0.004]. OWC Method, 3.00,",D,11.514245124090284,0.0310472122043528,"DOXY_ADJUSTED is computed from an adjustment of in water PSAT or PPOX float data at surface by comparison to woaPSAT climatology or woaPPOX{woaPSAT,floatTEMP,floatPSAL} at 1 atm, DOXY_ADJUSTED_ERROR is computed from a PPOX_ERROR of 10 mbar +1mb/year",A,2021-07-22 14:52:00
48,49,meds/4901779/profiles/SD4901779_204.nc,20201213134000,60.638,-40.576,A,865,ME,PRES TEMP PSAL DOXY,DDDR,20220628210720,1012.9250030517578,29.45826826855516,1000.8811500919692,29.0377939780752,,,3.636199998855591,0.0458046361024394,,,,,2.400000095367432,0.0,PRES_ADJUSTED is calculated following the 3.2 procedure in the Argo Quality Control Manual version 3.3. No significant pressure drift was detected.Pressure evaluation done on 10-Mar-2021 10:38:19,D,0.0020000000949949,0.0,No approved method for delayed-mode qc on TEMP is available,D,,,"Sensor drift/offset detected. Adjusted salinity to OWC(2020) statistical recommendation with CTD_2019V01(WOD2009+),ARGO_2020V01,BOTTLE_2008V1 as reference database. Mapping scales used are 51/4650/50 (lon) 50/49 (lat).",D,,,,R,2020-12-13 13:40:00
49,50,meds/4901779/profiles/SD4901779_205.nc,20201223134200,60.183,-40.968,A,865,ME,PRES TEMP PSAL DOXY,DDDR,20220628210732,1012.855014038086,29.878242619188704,1000.8482689926614,29.452818434568325,,,3.6142499804496766,0.0525495826137125,,,,,2.400000095367432,0.0,PRES_ADJUSTED is calculated following the 3.2 procedure in the Argo Quality Control Manual version 3.3. No significant pressure drift was detected.Pressure evaluation done on 10-Mar-2021 10:38:19,D,0.0020000000949949,0.0,No approved method for delayed-mode qc on TEMP is available,D,,,"Sensor drift/offset detected. Adjusted salinity to OWC(2020) statistical recommendation with CTD_2019V01(WOD2009+),ARGO_2020V01,BOTTLE_2008V1 as reference database. Mapping scales used are 51/4650/50 (lon) 50/49 (lat).",D,,,,R,2020-12-23 13:42:00
50,51,meds/4902481/profiles/SR4902481_074.nc,20210613103100,59.099,-40.067,A,844,ME,PRES TEMP PSAL DOXY,RRRR,20220901143618,1005.5,,993.6866050335556,,1027.7492254245062,,3.365000009536743,,34.861000061035156,,,,,,,R,,,,R,,,,R,,,,R,2021-06-13 10:31:00
51,52,meds/4902481/profiles/SR4902481_075.nc,20210623153900,58.998,-39.967,A,844,ME,PRES TEMP PSAL DOXY,RRRR,20220901143632,1001.7357177734376,29.6635490407607,989.9816151217324,29.244675841957758,1027.7483306268266,0.0009086174370068,3.374071410724095,0.0039896957674881,34.86100006103516,0.0013001726724552,,,,,,R,,,,R,,,,R,,,,R,2021-06-23 15:39:00
52,53,meds/4902481/profiles/SR4902481_077.nc,20210714012300,59.699,-38.954,A,844,ME,PRES TEMP PSAL DOXY,RRRR,20220901143659,1001.885711669922,29.518632585421315,990.0733089038662,29.10012100566137,1027.748521980379,0.0007276173259871,3.3602142674582347,0.0068182527423232,34.85957227434431,0.0007555137018464,,,,,,R,,,,R,,,,R,,,,R,2021-07-14 01:23:00
53,54,meds/4902481/profiles/SR4902481_078.nc,20210724062400,59.691,-39.483,A,844,ME,PRES TEMP PSAL DOXY,RRRR,20220901143715,1001.7428501674108,29.46485102116261,989.9330773265576,29.04713010043624,1027.7466086014367,0.0006645792394442,3.385642852102007,0.0051829352181604,34.86021477835519,0.0004255814062885,,,,,,R,,,,R,,,,R,,,,R,2021-07-24 06:24:00
54,55,meds/4902481/profiles/SR4902481_079.nc,20210803112600,60.301,-39.202,A,844,ME,PRES TEMP PSAL DOXY,RRRR,20220901143727,1010.5499877929688,7.14176122663498,998.5685159630343,7.040084154299712,1027.749031138272,0.0001912870254702852,3.3760000467300415,0.0014142796486315602,34.86199951171875,0.0,,,,,,R,,,,R,,,,R,,,,R,2021-08-03 11:26:00
55,56,meds/4902481/profiles/SR4902481_080.nc,20210813162200,60.445,-39.587,A,844,ME,PRES TEMP PSAL DOXY,RRRR,20220901143741,1001.8285740443638,29.479180632834098,989.9579876021096,29.05950582527009,1027.7478810027412,0.0009264897670381,3.384357145854405,0.001549550632383,34.86164256504604,0.0007445371324201,,,,,,R,,,,R,,,,R,,,,R,2021-08-13 16:22:00
56,58,meds/4902481/profiles/SR4902481_082.nc,20210903022400,59.844,-40.0,A,844,ME,PRES TEMP PSAL DOXY,RRRR,20220901143808,1001.8357020786832,29.454424357681877,990.0125107922222,29.036493702832217,1027.7459441547935,0.0010546670895567,3.428285700934274,0.0057969223262584,34.86449950081961,0.0007608761501939,,,,,,R,,,,R,,,,R,,,,R,2021-09-03 02:24:00
57,59,meds/4902481/profiles/SR4902481_083.nc,20210913071600,59.483,-41.467,A,844,ME,PRES TEMP PSAL DOXY,RRRR,20220901143822,1001.835715157645,29.54858660507813,990.0412476194566,29.13013771994783,1027.7514814933947,0.0005541614311979,3.3983571529388428,0.0216176755877273,34.86785643441336,0.0026847091978699,,,,,,R,,,,R,,,,R,,,,R,2021-09-13 07:16:00
